{
  "contact-us": [
    {
      "Contact_Owner": "fhgfhgf",
      "First_Name": "22",
      "Account_Name": "dsfsfs",
      "Email": "rwfsf@ga",
      "Phone": "45436766345344",
      "Other_Phone": "0988765432",
      "Mobile": "9876543",
      "Assistant": "kiug",
      "Lead_Source": "76",
      "Last_Name": "dsds",
      "Vendor_Name": "22424",
      "Title": "sfsf",
      "Department": "mko",
      "Home_Phone": "9876543",
      "Fax": "jhgfds",
      "Date_of_Birth": "hgr45678",
      "Asst_Phone": "45678",
      "Email_opt_out": "y8u@hm",
      "Skype_ID": "009",
      "Secondary_Email": "last@gmail.com",
      "Twitter": "mkiutre",
      "Reporting_to": "pl,,m",
      "Mailing_street": "bbfvgc",
      "Other_street": "xsss",
      "Mailing_city": "zsasas",
      "Other_City": "jyutyr",
      "Mailing_State": "rtry",
      "Other_State": "uytyter",
      "Mailing_Zip": "8766",
      "Other_Zip": "77",
      "Mailing_Country": "india",
      "Other_Country": "china",
      "Description": "thank you",
      "id": 14
    },
    {
      "primaryContact": "hellosir",
      "customerDesignation": "nit",
      "customerEmail": "nit@gmail.com",
      "customerPhone": "656",
      "companyName": "nit@gmail.com",
      "industryVertical": "Retail",
      "country": "INDIA",
      "customerWebsite": "nit@gmail.com",
      "ProjectTitle": "DEMO",
      "ProjectDescription": "Ongoing",
      "EstimatedMonthlyRevenue": "1776756 $",
      "AssignedTo": "123",
      "leadSource": "GOOGLE ADWORDS",
      "id": 15
    },
    {
      "FirstName": "hunk",
      "MiddleName": "",
      "LastName": "sahil",
      "DOB": "2022-11-05",
      "Photo": "",
      "ContactNumber": "987654321",
      "EmailID": "",
      "UserName": "ghnnhgv",
      "Password": "676767",
      "ConfirmPassword": "676767",
      "id": 16
    },
    {
      "FirstName": "hgdfsd",
      "LastName": "shdsgdsd",
      "DOB": "2022-11-11",
      "ContactNumber": "89767890",
      "UserName": "dytfsgh",
      "Password": "hsgdfshdjsgf",
      "ConfirmPassword": "hgfghgh",
      "id": 17
    },
    {
      "FirstName": "hello",
      "LastName": "sahab",
      "DOB": "2022-11-04",
      "ContactNumber": "765434567",
      "UserName": "jhfgdsfgh",
      "Password": "78654345678",
      "ConfirmPassword": "87654345678",
      "id": 18
    },
    {
      "FirstName": "9656467",
      "LastName": "98765678",
      "DOB": "2022-11-05",
      "ContactNumber": "64657",
      "UserName": "8675678",
      "Password": "kgytdtfg",
      "ConfirmPassword": "ghfghj",
      "id": 19
    },
    {
      "FirstName": ",gfdfjh",
      "LastName": "tytuiop",
      "DOB": "6576-05-04",
      "ContactNumber": "6447",
      "UserName": "dfghj",
      "Password": "tryuio",
      "ConfirmPassword": "fhfhfh",
      "id": 20
    },
    {
      "companyName": "GOOGLE",
      "ProjectTitle": "Sir",
      "ProjectDescription": "completed",
      "EstimatedMonthlyRevenue": "676$",
      "AssignedTo": "ABC",
      "leadSource": "LINKEDIN",
      "customerWebsite": "www.demo.com",
      "id": 21
    },
    {
      "primaryContact": "ss",
      "customerDesignation": "4545",
      "customerEmail": "54545@h",
      "customerPhone": "545",
      "companyName": "4545",
      "industryVertical": "",
      "customerWebsite": "",
      "postalCode": "",
      "state": "",
      "city": "",
      "streetAddress": "",
      "country": "",
      "dob": "",
      "id": 22
    }
  ],
  "users": [
    {
      "id": 1,
      "email": "user@gmail.com",
      "password": "12345"
    },
    {
      "firstname": "jamia",
      "lastname": "millia",
      "email": "jamia@gmail.com",
      "password": "12345",
      "id": 54
    }
  ],
  "about": [
    {
      "FirstName": ",gfdfjh",
      "LastName": "tytuiop",
      "DOB": "6576-05-04",
      "ContactNumber": "6447",
      "UserName": "dfghj",
      "Password": "tryuio",
      "ConfirmPassword": "fhfhfh",
      "id": 20
    }
  ],
  "lead": [
    {
      "companyName": "nit@gmail.com",
      "ProjectTitle": "DEMO",
      "ProjectDescription": "Ongoing",
      "EstimatedMonthlyRevenue": "1776756 $",
      "AssignedTo": "123",
      "leadSource": "GOOGLE ADWORDS",
      "id": 18
    }
  ],
  "report": [
    {
      "id": 1,
      "email": "user@gmail.com",
      "password": "12345"
    },
    {
      "Reason": "First",
      "ContactNumber": "67676",
      "Description": "gugug",
      "id": 2
    }
  ]
}